id;first_name;last_name;code;img;img_content_type
1;Garnett;Schinner;Fish multi-byte Savings Account;../data/blob/hipster.png;image/png
2;Isabel;Crist;Practical Fresh Pants;../data/blob/hipster.png;image/png
3;Lazaro;Conroy;deposit Tasty Metal Bacon Implementation;../data/blob/hipster.png;image/png
4;Abagail;Deckow;Soap methodology Albania;../data/blob/hipster.png;image/png
5;Holden;Bahringer;Namibia;../data/blob/hipster.png;image/png
6;Greg;Connelly;zero administration;../data/blob/hipster.png;image/png
7;Frederick;Feeney;Licensed Savings Account;../data/blob/hipster.png;image/png
8;Geovanni;Langworth;Mississippi Refined Rubber Chicken Table;../data/blob/hipster.png;image/png
9;Aniyah;Ankunding;Usability South Dakota envisioneer;../data/blob/hipster.png;image/png
10;Aglae;Boyle;Nakfa;../data/blob/hipster.png;image/png
