id;fa_name;en_name;start_date;end_date;img_1;img_1_content_type;img_2;img_2_content_type;img_3;img_3_content_type;img_4;img_4_content_type;price;active;score
1;Credit Card Account;navigate;2019-11-07;2019-11-07;../data/blob/hipster.png;image/png;../data/blob/hipster.png;image/png;../data/blob/hipster.png;image/png;../data/blob/hipster.png;image/png;72821;true;36778
2;invoice withdrawal;bypassing optical;2019-11-07;2019-11-07;../data/blob/hipster.png;image/png;../data/blob/hipster.png;image/png;../data/blob/hipster.png;image/png;../data/blob/hipster.png;image/png;50819;false;69581
3;HDD;Algerian Dinar;2019-11-07;2019-11-07;../data/blob/hipster.png;image/png;../data/blob/hipster.png;image/png;../data/blob/hipster.png;image/png;../data/blob/hipster.png;image/png;51209;true;22649
4;deposit Sausages;disintermediate Cambridgeshire hacking;2019-11-07;2019-11-07;../data/blob/hipster.png;image/png;../data/blob/hipster.png;image/png;../data/blob/hipster.png;image/png;../data/blob/hipster.png;image/png;73521;false;20907
5;Tanzania Fiji Dollar Profound;parsing;2019-11-07;2019-11-07;../data/blob/hipster.png;image/png;../data/blob/hipster.png;image/png;../data/blob/hipster.png;image/png;../data/blob/hipster.png;image/png;52965;false;24185
6;Tasty Customer Human;pink even-keeled;2019-11-07;2019-11-07;../data/blob/hipster.png;image/png;../data/blob/hipster.png;image/png;../data/blob/hipster.png;image/png;../data/blob/hipster.png;image/png;84666;true;85632
7;drive THX bypassing;Cheese Dynamic Home Loan Account;2019-11-07;2019-11-07;../data/blob/hipster.png;image/png;../data/blob/hipster.png;image/png;../data/blob/hipster.png;image/png;../data/blob/hipster.png;image/png;10147;true;66350
8;Home Gloves Latvia;Ports Manager Fish;2019-11-07;2019-11-07;../data/blob/hipster.png;image/png;../data/blob/hipster.png;image/png;../data/blob/hipster.png;image/png;../data/blob/hipster.png;image/png;49389;false;17882
9;world-class program alarm;Nevada;2019-11-07;2019-11-07;../data/blob/hipster.png;image/png;../data/blob/hipster.png;image/png;../data/blob/hipster.png;image/png;../data/blob/hipster.png;image/png;36771;true;26520
10;Persevering;Coordinator Cambridgeshire Investor;2019-11-07;2019-11-07;../data/blob/hipster.png;image/png;../data/blob/hipster.png;image/png;../data/blob/hipster.png;image/png;../data/blob/hipster.png;image/png;35007;true;64510
